{
  "ensemble_accuracy": 0.903300521134916,
  "ensemble_auc": 0.9616122718182205,
  "decision_threshold": 0.5399999999999999,
  "individual_results": {
    "rf": {
      "accuracy": 0.8951939779965258,
      "auc": 0.9583815582315646
    },
    "xgb": {
      "accuracy": 0.9027214823393167,
      "auc": 0.9595981731273847
    },
    "lgb": {
      "accuracy": 0.9015634047481181,
      "auc": 0.9607520247365361
    },
    "cnn": {
      "accuracy": 0.6059640995946728,
      "auc": 0.5038587010481823
    }
  }
}